id,text,query,country,city,userId,username,quote_count,reply_count,retweet_count,favorite_count,timestamp,createdAt
1453473724401922000,"Desmatamento da Amaz√¥nia em 2020:

-8058 km¬≤, equivalente a 6,5x a √°rea da cidade de S√£o Paulo
-Recorde dos √∫ltimos‚Ä¶ https://t.co/UspL1xbt8M",joaoamoedonovo,,,256730310,joaoamoedonovo,,,31,273,Wed Oct 27 2021 21:59:55 GMT-0300 (Brasilia Standard Time),Wed Oct 27 2021 18:28:34 GMT-0300 (Brasilia Standard Time)
1453402582014115800,"A prioridade nunca foi ajudar quem mais precisa. E sim tentar garantir a reelei√ß√£o.

https://t.co/T5dYP5ad1v",joaoamoedonovo,,,256730310,joaoamoedonovo,,,34,337,Wed Oct 27 2021 21:59:55 GMT-0300 (Brasilia Standard Time),Wed Oct 27 2021 13:45:53 GMT-0300 (Brasilia Standard Time)
1453383284495372300,"O Senado aprovou o relat√≥rio da CPI da Covid, que exp√¥s a incompet√™ncia e o descaso do governo federal.

Cabe agora‚Ä¶ https://t.co/fXUk6GyhDr",joaoamoedonovo,,,256730310,joaoamoedonovo,,,43,451,Wed Oct 27 2021 21:59:55 GMT-0300 (Brasilia Standard Time),Wed Oct 27 2021 12:29:12 GMT-0300 (Brasilia Standard Time)
1453382694281388000,"""O objetivo √© claramente merit√≥rio, mas ‚Äì como notado por outros analistas de contas p√∫blicas ‚Äì poderia ser atingid‚Ä¶ https://t.co/oc1xRCopgg",joaoamoedonovo,,,256730310,joaoamoedonovo,,,10,136,Wed Oct 27 2021 21:59:55 GMT-0300 (Brasilia Standard Time),Wed Oct 27 2021 12:26:51 GMT-0300 (Brasilia Standard Time)
1453159946179293200,"Fonte: Trading Economics
Inspirado em https://t.co/mbRWruEtqo",joaoamoedonovo,,,256730310,joaoamoedonovo,,,4,110,Wed Oct 27 2021 21:59:55 GMT-0300 (Brasilia Standard Time),Tue Oct 26 2021 21:41:44 GMT-0300 (Brasilia Standard Time)
1453159944560255000,"üá¨üá™Georgia
üá≠üáπHaiti
üá∫üá¶Ucr√¢nia
üá∏üá±Serra Leoa
üá∫üáøUzbequist√£o
üá¨üá≠Gana
üáßüáÆBurundi
üáßüáæBielorr√∫ssia
üáπüá≤Turcomenist√£o

Mais um legado do governo Bolsonaro.",joaoamoedonovo,,,256730310,joaoamoedonovo,,,11,268,Wed Oct 27 2021 21:59:55 GMT-0300 (Brasilia Standard Time),Tue Oct 26 2021 21:41:43 GMT-0300 (Brasilia Standard Time)
1453159942903451600,"Brasil entra na triste lista dos 26 pa√≠ses que enfrentam infla√ß√£o de 2 d√≠gitos ou mais:

üáßüá∑Brasil
üáªüá™Venezuela
üá∏üá©Sud‚Ä¶ https://t.co/aCfdADJY6q",joaoamoedonovo,,,256730310,joaoamoedonovo,,,140,1127,Wed Oct 27 2021 21:59:55 GMT-0300 (Brasilia Standard Time),Tue Oct 26 2021 21:41:43 GMT-0300 (Brasilia Standard Time)
1453102419009757200,Agora a FDA ir√° deliberar pela aprova√ß√£o da vacina√ß√£o. Espera-se que o √≥rg√£o siga a recomenda√ß√£o do comit√™ independ‚Ä¶ https://t.co/ZigqeBDGPP,joaoamoedonovo,,,256730310,joaoamoedonovo,,,3,92,Wed Oct 27 2021 21:59:55 GMT-0300 (Brasilia Standard Time),Tue Oct 26 2021 17:53:08 GMT-0300 (Brasilia Standard Time)
1453102416853930000,"√ìtima not√≠cia!

O comit√™ consultivo independente da FDA, ag√™ncia sanit√°ria dos EUA, recomendou a vacina√ß√£o contra c‚Ä¶ https://t.co/MBPUdnAS4Y",joaoamoedonovo,,,256730310,joaoamoedonovo,,,13,265,Wed Oct 27 2021 21:59:55 GMT-0300 (Brasilia Standard Time),Tue Oct 26 2021 17:53:08 GMT-0300 (Brasilia Standard Time)
1453096732280201200,"√ìtimo fio de @deltanmd sobre o afrouxamento da Lei de Improbidade Administrativa, projeto apoiado pela base do gove‚Ä¶ https://t.co/aNbw1Ivm8y",joaoamoedonovo,,,256730310,joaoamoedonovo,,,69,581,Wed Oct 27 2021 21:59:55 GMT-0300 (Brasilia Standard Time),Tue Oct 26 2021 17:30:32 GMT-0300 (Brasilia Standard Time)
1453039434346209300,Fonte: https://t.co/geDjLjmiXa,joaoamoedonovo,,,256730310,joaoamoedonovo,,,16,188,Wed Oct 27 2021 21:59:55 GMT-0300 (Brasilia Standard Time),Tue Oct 26 2021 13:42:51 GMT-0300 (Brasilia Standard Time)
1453039398505832400,"Em 1994, com R$1,00 era poss√≠vel comprar no mercado:

üêî1 kg de frango
ü•î2,8 kg de batata
üßÖ2,8 kg de cebola
ü•õ1,5 L de‚Ä¶ https://t.co/olyNJfeT4J",joaoamoedonovo,,,256730310,joaoamoedonovo,,,203,1968,Wed Oct 27 2021 21:59:55 GMT-0300 (Brasilia Standard Time),Tue Oct 26 2021 13:42:43 GMT-0300 (Brasilia Standard Time)
1452998030760812500,"Quem compra votos do Congresso, seja com Or√ßamento Secreto ou com Mensal√£o, n√£o pode ser classificado de democrata.",joaoamoedonovo,,,256730310,joaoamoedonovo,,,123,1268,Wed Oct 27 2021 21:59:55 GMT-0300 (Brasilia Standard Time),Tue Oct 26 2021 10:58:20 GMT-0300 (Brasilia Standard Time)
1452987567864000500,"Bolsonaro sancionou, sem vetos, o projeto que afrouxa Lei de Improbidade Administrativa:

‚ùåFavorece pol√≠ticos conde‚Ä¶ https://t.co/HHiLLCLT0L",joaoamoedonovo,,,256730310,joaoamoedonovo,,,203,1296,Wed Oct 27 2021 21:59:55 GMT-0300 (Brasilia Standard Time),Tue Oct 26 2021 10:16:46 GMT-0300 (Brasilia Standard Time)
1452972910868566000,"No G-20, o Brasil segue com a infla√ß√£o acumulada menor apenas do que a da Turquia e a da Argentina.

Na Am√©rica Lat‚Ä¶ https://t.co/aVbna2P3OJ",joaoamoedonovo,,,256730310,joaoamoedonovo,,,12,133,Wed Oct 27 2021 21:59:55 GMT-0300 (Brasilia Standard Time),Tue Oct 26 2021 09:18:31 GMT-0300 (Brasilia Standard Time)
1452971194496454700,Fonte: IPCA-15 (IBGE),joaoamoedonovo,,,256730310,joaoamoedonovo,,,5,85,Wed Oct 27 2021 21:59:55 GMT-0300 (Brasilia Standard Time),Tue Oct 26 2021 09:11:42 GMT-0300 (Brasilia Standard Time)
1452971127463157800,"A pr√©via da infla√ß√£o de outubro √© de 1,2%, a maior para o m√™s desde 1995. No acumulado de 12 meses, a infla√ß√£o j√° e‚Ä¶ https://t.co/mfsTruwVAp",joaoamoedonovo,,,256730310,joaoamoedonovo,,,65,615,Wed Oct 27 2021 21:59:55 GMT-0300 (Brasilia Standard Time),Tue Oct 26 2021 09:11:26 GMT-0300 (Brasilia Standard Time)
1452692813095882800,"-Emendas parlamentares: R$34 bilh√µes
-Bolsa Fam√≠lia para 14 milh√µes de fam√≠lias: R$34 bilh√µes

√â poss√≠vel dobrar os‚Ä¶ https://t.co/T1VilAhnhD",joaoamoedonovo,,,256730310,joaoamoedonovo,,,150,1269,Wed Oct 27 2021 21:59:55 GMT-0300 (Brasilia Standard Time),Mon Oct 25 2021 14:45:31 GMT-0300 (Brasilia Standard Time)
1452648066406879200,Fonte: B3 e Market Watch,joaoamoedonovo,,,256730310,joaoamoedonovo,,,1,166,Wed Oct 27 2021 21:59:55 GMT-0300 (Brasilia Standard Time),Mon Oct 25 2021 11:47:42 GMT-0300 (Brasilia Standard Time)
1452648064070606800,"Valor de mercado:

üü¢ Apple: $2,4 trilh√µes
üü¢ Microsoft: $2,3 trilh√µes
üü¢ Alphabet (Google): $1,8 trilh√£o
üü¢ Tesla: $97‚Ä¶ https://t.co/ffccVxjqIJ",joaoamoedonovo,,,256730310,joaoamoedonovo,,,109,1558,Wed Oct 27 2021 21:59:55 GMT-0300 (Brasilia Standard Time),Mon Oct 25 2021 11:47:42 GMT-0300 (Brasilia Standard Time)
1452614915949269000,"Sem atalho: Uma jornada at√© a pol√≠tica e minhas ideias para o Brasil
 https://t.co/IHlbuPjC4d",joaoamoedonovo,,,256730310,joaoamoedonovo,,,11,111,Wed Oct 27 2021 21:59:55 GMT-0300 (Brasilia Standard Time),Mon Oct 25 2021 09:35:58 GMT-0300 (Brasilia Standard Time)
1452614914686783500,"Trecho do livro ""Sem Atalho"":

""O fim da infla√ß√£o foi uma importante conquista da sociedade e indica que devemos es‚Ä¶ https://t.co/jpdXyM4Ror",joaoamoedonovo,,,256730310,joaoamoedonovo,,,25,321,Wed Oct 27 2021 21:59:55 GMT-0300 (Brasilia Standard Time),Mon Oct 25 2021 09:35:58 GMT-0300 (Brasilia Standard Time)
1452600767337091000,"Expectativas Focus:

‚ñ∂Ô∏èInfla√ß√£o 2021: 8,96%, subindo pela 29¬™ semana

‚ñ∂Ô∏èInfla√ß√£o 22: 4,4%. A meta √© 3,5%

‚ñ∂Ô∏èPIB 202‚Ä¶ https://t.co/HlXLUodIex",joaoamoedonovo,,,256730310,joaoamoedonovo,,,75,821,Wed Oct 27 2021 21:59:55 GMT-0300 (Brasilia Standard Time),Mon Oct 25 2021 08:39:45 GMT-0300 (Brasilia Standard Time)
1452390011891077000,"√ìtima avalia√ß√£o e diagn√≥stico da @marinahelenabr

https://t.co/lZmBLx5pTg",joaoamoedonovo,,,256730310,joaoamoedonovo,,,32,259,Wed Oct 27 2021 21:59:55 GMT-0300 (Brasilia Standard Time),Sun Oct 24 2021 18:42:17 GMT-0300 (Brasilia Standard Time)
1452350633835737000,"‚ÄúSou defensor do Teto, mas o presidente precisa tomar as decis√µes pol√≠ticas dif√≠ceis.‚Äù - Guedes

N√£o deveria ser ‚Äúm‚Ä¶ https://t.co/5sJ9QuyDRP",joaoamoedonovo,,,256730310,joaoamoedonovo,,,108,1140,Wed Oct 27 2021 21:59:55 GMT-0300 (Brasilia Standard Time),Sun Oct 24 2021 16:05:49 GMT-0300 (Brasilia Standard Time)
1451936832455852000,"üáµüáπ Reforma Administrativa de Portugal em 2008 

‚úÖMil carreiras substitu√≠das por tr√™s gerais e poucas espec√≠ficas
‚úÖA‚Ä¶ https://t.co/4d4DI3DZXe",joaoamoedonovo,,,256730310,joaoamoedonovo,,,94,1279,Wed Oct 27 2021 21:59:55 GMT-0300 (Brasilia Standard Time),Sat Oct 23 2021 12:41:31 GMT-0300 (Brasilia Standard Time)
1451559642585251800,"Ap√≥s trabalhar duramente pela dissemina√ß√£o do v√≠rus durante a pandemia, o governo federal agora se dedica a criar i‚Ä¶ https://t.co/Wq5BTLCYIg",joaoamoedonovo,,,256730310,joaoamoedonovo,,,227,2502,Wed Oct 27 2021 21:59:55 GMT-0300 (Brasilia Standard Time),Fri Oct 22 2021 11:42:42 GMT-0300 (Brasilia Standard Time)
1451310340147404800,"Fracasso na condu√ß√£o da economia, no enfrentamento da pandemia, na prote√ß√£o do meio ambiente, na educa√ß√£o, nas rela‚Ä¶ https://t.co/stT5WFo7vC",joaoamoedonovo,,,256730310,joaoamoedonovo,,,793,7355,Wed Oct 27 2021 21:59:55 GMT-0300 (Brasilia Standard Time),Thu Oct 21 2021 19:12:03 GMT-0300 (Brasilia Standard Time)
1451256933655138300,"Para aqueles que acham que o impeachment de Bolsonaro traria instabilidade, fica a pergunta: qual estabilidade que temos sem o impeachment?",joaoamoedonovo,,,256730310,joaoamoedonovo,,,448,4192,Wed Oct 27 2021 21:59:55 GMT-0300 (Brasilia Standard Time),Thu Oct 21 2021 15:39:50 GMT-0300 (Brasilia Standard Time)
1451210195682607000,"Abandonar o Teto de Gastos significa:

-Mais riscos quanto as contas p√∫blicas
-Com mais riscos, os juros sobem e o‚Ä¶ https://t.co/u756OnNnXc",joaoamoedonovo,,,256730310,joaoamoedonovo,,,133,1102,Wed Oct 27 2021 21:59:55 GMT-0300 (Brasilia Standard Time),Thu Oct 21 2021 12:34:07 GMT-0300 (Brasilia Standard Time)
1451167760629829600,"O Teto de Gastos √© um freio na f√≥rmula populista de gastar para se perpetuar no poder. Por isso, Lula diz que ir√° r‚Ä¶ https://t.co/REg6C750ME",joaoamoedonovo,,,256730310,joaoamoedonovo,,,169,1394,Wed Oct 27 2021 21:59:55 GMT-0300 (Brasilia Standard Time),Thu Oct 21 2021 09:45:30 GMT-0300 (Brasilia Standard Time)
1450956918168735700,"Vit√≥ria da luta contra a impunidade! 

A PEC 5 n√£o conseguiu os 308 votos necess√°rios, apesar dos esfor√ßos da base‚Ä¶ https://t.co/ClB8wlHyAs",joaoamoedonovo,,,256730310,joaoamoedonovo,,,81,734,Wed Oct 27 2021 21:59:55 GMT-0300 (Brasilia Standard Time),Wed Oct 20 2021 19:47:41 GMT-0300 (Brasilia Standard Time)
1450950493900050400,"O Minist√©rio P√∫blico precisa ser independente, sem interfer√™ncia pol√≠tica, para combater a corrup√ß√£o.

#PEC5NAO",joaoamoedonovo,,,256730310,joaoamoedonovo,,,154,1811,Wed Oct 27 2021 21:59:55 GMT-0300 (Brasilia Standard Time),Wed Oct 20 2021 19:22:09 GMT-0300 (Brasilia Standard Time)
1450939866187972600,Bolsonaro n√£o quer furar o Teto dos Gastos para ajudar os mais pobres. Ele est√° fazendo isso apenas para tentar se‚Ä¶ https://t.co/03Aw6F0U3P,joaoamoedonovo,,,256730310,joaoamoedonovo,,,136,1267,Wed Oct 27 2021 21:59:55 GMT-0300 (Brasilia Standard Time),Wed Oct 20 2021 18:39:55 GMT-0300 (Brasilia Standard Time)
1450924738767999000,"A CPI da Covid deixou claro o descaso, a incompet√™ncia, a irresponsabilidade e a corrup√ß√£o do governo federal, prin‚Ä¶ https://t.co/LxWk1w8Uc2",joaoamoedonovo,,,256730310,joaoamoedonovo,,,42,498,Wed Oct 27 2021 21:59:55 GMT-0300 (Brasilia Standard Time),Wed Oct 20 2021 17:39:49 GMT-0300 (Brasilia Standard Time)
1450838834133012500,"O resultado da omiss√£o da C√¢mara quanto ao impeachment de Bolsonaro:

-Volta da infla√ß√£o
-Aumento da pobreza e da f‚Ä¶ https://t.co/UieS1EJkqN",joaoamoedonovo,,,256730310,joaoamoedonovo,,,133,1130,Wed Oct 27 2021 21:59:55 GMT-0300 (Brasilia Standard Time),Wed Oct 20 2021 11:58:27 GMT-0300 (Brasilia Standard Time)
1450811561245880300,"O FGTS poder√° ser usado para comprar a√ß√µes da Eletrobras.

Por que n√£o permitir que o trabalhador invista como quis‚Ä¶ https://t.co/F72rWkREjY",joaoamoedonovo,,,256730310,joaoamoedonovo,,,142,2213,Wed Oct 27 2021 21:59:55 GMT-0300 (Brasilia Standard Time),Wed Oct 20 2021 10:10:05 GMT-0300 (Brasilia Standard Time)
1450538345034027000,https://t.co/t05EHdJ0fx,joaoamoedonovo,,,256730310,joaoamoedonovo,,,8,152,Wed Oct 27 2021 21:59:55 GMT-0300 (Brasilia Standard Time),Tue Oct 19 2021 16:04:25 GMT-0300 (Brasilia Standard Time)
1450538045019721700,"""O Bolsonaro acha que √© dono da Petrobras."" - Roberto Castello Branco, ex-presidente da estatal

Bolsonaro, como de‚Ä¶ https://t.co/3c4hYrmYXt",joaoamoedonovo,,,256730310,joaoamoedonovo,,,74,896,Wed Oct 27 2021 21:59:55 GMT-0300 (Brasilia Standard Time),Tue Oct 19 2021 16:03:14 GMT-0300 (Brasilia Standard Time)
1450471747518673000,"Sem responsabilidade fiscal, o Real se desvaloriza, o d√≥lar fica mais caro e a infla√ß√£o e os juros sobem.

O mais p‚Ä¶ https://t.co/1atu30z5XP",joaoamoedonovo,,,256730310,joaoamoedonovo,,,87,780,Wed Oct 27 2021 21:59:55 GMT-0300 (Brasilia Standard Time),Tue Oct 19 2021 11:39:47 GMT-0300 (Brasilia Standard Time)
1450465250072006700,A infla√ß√£o esperada da Am√©rica Latina √© puxada pela expectativa de aumento de 2.700% na Venezuela.,joaoamoedonovo,,,256730310,joaoamoedonovo,,,3,112,Wed Oct 27 2021 21:59:55 GMT-0300 (Brasilia Standard Time),Tue Oct 19 2021 11:13:58 GMT-0300 (Brasilia Standard Time)
1450465247890972700,"O Brasil deve fechar o ano com infla√ß√£o maior do que a de 83% dos pa√≠ses em 2021.

Infla√ß√£o esperada:

üó∫Ô∏èMundo: 4,8‚Ä¶ https://t.co/f9HGfcyi1x",joaoamoedonovo,,,256730310,joaoamoedonovo,,,22,318,Wed Oct 27 2021 21:59:55 GMT-0300 (Brasilia Standard Time),Tue Oct 19 2021 11:13:58 GMT-0300 (Brasilia Standard Time)
